[{
  "_id": {
    "$oid": "683dd3b26bf82a109996146b"
  },
  "Nombre": "Darley Fernando Betancourth Vargas",
  "Edad": 19,
  "Documento": 1109293263,
  "Correo_personal": "darleybetnacourth809@gmail.com",
  "Correo_sena": "dfbetancourth3@soy.sena.edu.co",
  "Telefono": "3145672083",
  "Fecha_cumpleaños": "17/04/2006"
},
{
  "_id": {
    "$oid": "683dd3b26bf82a109996146c"
  },
  "Nombre": "Jhoan Nicolas Muñoz Jimenez",
  "Edad": 18,
  "Documento": 1070464999,
  "Correo_personal": "nicolasjime500@gmail.com",
  "Correo_sena": "No aplica",
  "Telefono": "3173106475",
  "Fecha_cumpleaños": "07/10/2006"
},
{
  "_id": {
    "$oid": "683dd3b26bf82a109996146d"
  },
  "Nombre": "Danel Rafael Saavedra Matute",
  "Edad": 18,
  "Documento": 5244757,
  "Correo_personal": "danelsaavedra@gmail.com",
  "Correo_sena": "No aplica",
  "Telefono": "3175469977",
  "Fecha_cumpleaños": "17/06/2006"
},
{
  "_id": {
    "$oid": "683dd3b26bf82a109996146e"
  },
  "Nombre": "Brayan Bocanegra Triana",
  "Edad": 20,
  "Documento": 1031420951,
  "Correo_personal": "bryanbocanegratriana2004@gmail.com",
  "Correo_sena": "No aplica",
  "Telefono": "3156426181",
  "Fecha_cumpleaños": "08/12/2004"
},
{
  "_id": {
    "$oid": "683dd3b26bf82a109996146f"
  },
  "Nombre": "Dairon Arley Mancera Baron",
  "Edad": 19,
  "Documento": 1013592614,
  "Correo_personal": "daironmanceravaron@gmail.com",
  "Correo_sena": "No aplica",
  "Telefono": "3205705324",
  "Fecha_cumpleaños": "27/10/2005"
},
{
  "_id": {
    "$oid": "683dd3b26bf82a1099961470"
  },
  "Nombre": "Edward Alejandro Ramirez Ortiz",
  "Edad": 18,
  "Documento": 1030547294,
  "Correo_personal": "ralejo692@gmail.com",
  "Correo_sena": "No aplica",
  "Telefono": "3025866293",
  "Fecha_cumpleaños": "19/07/2006"
},
{
  "_id": {
    "$oid": "683dd3b26bf82a1099961471"
  },
  "Nombre": "Joustin Santiago Cespedes Buitrago",
  "Edad": 18,
  "Documento": 1012917508,
  "Correo_personal": "joustinc32@gmail.com",
  "Correo_sena": "No aplica",
  "Telefono": "3504316615",
  "Fecha_cumpleaños": "29/08/2006"
},
{
  "_id": {
    "$oid": "683dd3b26bf82a1099961472"
  },
  "Nombre": "Juan Nicolas Castillo Largo",
  "Edad": 23,
  "Documento": 1193123161,
  "Correo_personal": "jnicolascl7@gmail.com",
  "Correo_sena": "jncastillo16@misena.edu.co",
  "Telefono": "3227916442",
  "Fecha_cumpleaños": "06/06/2001"
},
{
  "_id": {
    "$oid": "683dd3b26bf82a1099961473"
  },
  "Nombre": "Ricardo Stiven Urrego Cupitra",
  "Edad": 18,
  "Documento": 1023373319,
  "Correo_personal": "ricardostiven9@gmail.com",
  "Correo_sena": "No aplica",
  "Telefono": "3228518167",
  "Fecha_cumpleaños": "13/09/2006"
},
{
  "_id": {
    "$oid": "683dd3b26bf82a1099961474"
  },
  "Nombre": "Kevin Santiago Paez Pico",
  "Edad": 18,
  "Documento": 1012347893,
  "Correo_personal": "santiagopaezpico@gmail.com",
  "Correo_sena": "No aplica",
  "Telefono": "3164020478",
  "Fecha_cumpleaños": "25/12/2006"
},
{
  "_id": {
    "$oid": "683dd3b26bf82a1099961475"
  },
  "Nombre": "Johan Sebastian Perdomo Perdomo",
  "Edad": 18,
  "Documento": 1140915088,
  "Correo_personal": "jperdomojsp2024@gmail.com",
  "Correo_sena": "No aplica",
  "Telefono": "3227272926",
  "Fecha_cumpleaños": "09/07/2006"
},
{
  "_id": {
    "$oid": "683dd3b26bf82a1099961476"
  },
  "Nombre": "Diego Alejandro Olaya Urueña",
  "Edad": 18,
  "Documento": 1071579056,
  "Correo_personal": "alejandroolaya539@gmail.com",
  "Correo_sena": "No aplica",
  "Telefono": "3112470723",
  "Fecha_cumpleaños": "14/11/2006"
},
{
  "_id": {
    "$oid": "683dd3b26bf82a1099961477"
  },
  "Nombre": "Santiago Palomino Peñaloza",
  "Edad": 18,
  "Documento": 1028483095,
  "Correo_personal": "santipalpe@gmail.com",
  "Correo_sena": "No aplica",
  "Telefono": "3202736471",
  "Fecha_cumpleaños": "24/12/2006"
},
{
  "_id": {
    "$oid": "683dd3b26bf82a1099961478"
  },
  "Nombre": "Sara Alejandra Cuellar Areavalo",
  "Edad": 17,
  "Documento": 1034661262,
  "Correo_personal": "saracuellar213@gmail.com",
  "Correo_sena": "No aplica",
  "Telefono": "3058794832",
  "Fecha_cumpleaños": "16/06/2007"
},
{
  "_id": {
    "$oid": "683dd3b26bf82a1099961479"
  },
  "Nombre": "Valerin Dayana Bonilla Vallejo",
  "Edad": 18,
  "Documento": 1074527057,
  "Correo_personal": "valerinbonilla1@gmail.com",
  "Correo_sena": "No aplica",
  "Telefono": "3118935206",
  "Fecha_cumpleaños": "29/04/2007"
},
{
  "_id": {
    "$oid": "683dd3b26bf82a109996147a"
  },
  "Nombre": "Johan David Pasto Quintero",
  "Edad": 18,
  "Documento": 1011095859,
  "Correo_personal": "pastojohan425@gmail.com",
  "Correo_sena": "No aplica",
  "Telefono": "3135444685",
  "Fecha_cumpleaños": "28/08/2006"
},
{
  "_id": {
    "$oid": "683dd3b26bf82a109996147b"
  },
  "Nombre": "David Felipe Tellez Romero",
  "Edad": 18,
  "Documento": 1029143001,
  "Correo_personal": "felipe.tellezr24@gmail.com",
  "Correo_sena": "No aplica",
  "Telefono": "3153807351",
  "Fecha_cumpleaños": "24/05/2006"
},
{
  "_id": {
    "$oid": "683dd3b26bf82a109996147c"
  },
  "Nombre": "Lucas Garcia Niño",
  "Edad": 18,
  "Documento": 1021313933,
  "Correo_personal": "lukasnino737@gmail.com",
  "Correo_sena": "No aplica",
  "Telefono": "3123341426",
  "Fecha_cumpleaños": "30/03/2007"
},
{
  "_id": {
    "$oid": "683dd3b26bf82a109996147d"
  },
  "Nombre": "Nicol Dayyana Cabrera Nieto",
  "Edad": 18,
  "Documento": 1025534015,
  "Correo_personal": "nicolcabrera007@gmail.com",
  "Correo_sena": "No aplica",
  "Telefono": "3128566141",
  "Fecha_cumpleaños": "20/04/2007"
},
{
  "_id": {
    "$oid": "683dd3b26bf82a109996147e"
  },
  "Nombre": "Andres Felipe Forero Callejas",
  "Edad": 20,
  "Documento": 1011082784,
  "Correo_personal": "pipefor21@gmail.com",
  "Correo_sena": "No aplica",
  "Telefono": "3223384870",
  "Fecha_cumpleaños": "19/03/2005"
},
{
  "_id": {
    "$oid": "683dd3b26bf82a109996147f"
  },
  "Nombre": "Paul Sebastian Romero Rivera",
  "Edad": 18,
  "Documento": 1034660269,
  "Correo_personal": "paul.romero.09@hotmail.com",
  "Correo_sena": "No aplica",
  "Telefono": "3224543490",
  "Fecha_cumpleaños": "07/09/2006"
},
{
  "_id": {
    "$oid": "683dd3b26bf82a1099961480"
  },
  "Nombre": "Valeri Maybrith Vera Rodriguez",
  "Edad": 18,
  "Documento": 1029985643,
  "Correo_personal": "verarodriguezvaleri6@gmail.com",
  "Correo_sena": "No aplica",
  "Telefono": "3118280229",
  "Fecha_cumpleaños": "24/04/2007"
}]